propertyCode,latitude,longitude
105792251,40.4348221,-3.6939341
104370088,40.4197139,-3.6863839
105935525,40.4259888,-3.6752502
104011225,40.4187309,-3.7007529
105376875,40.4168341,-3.6996125
106190483,40.4504015,-3.652252
104662130,40.4505033,-3.6418927
104079750,40.4603199,-3.6536889
104254787,40.4729042,-3.823361
86575273,40.450486,-3.6388953
105844720,40.4261384,-3.6781929
105953148,40.4556753,-3.69252
105656413,40.4199158,-3.7083691
106334444,40.4481418,-3.6342026
104556912,40.3758939,-3.5800376
104254611,40.3758939,-3.5800376
104556674,40.3758939,-3.5800376
104554313,40.4747779,-3.7302159
104554408,40.4747779,-3.7302159
104554398,40.4747779,-3.7302159
105935279,40.421107,-3.6851897
105298740,40.4082711,-3.6744783
105718075,40.4344453,-3.7011733
105059338,40.4564867,-3.6523811
106269895,40.4568881,-3.7802324
105439093,40.4304554,-3.6645559
105887154,40.4263227,-3.6811889
104214883,40.4255046,-3.6855998
87516553,40.4344303,-3.7178318
100972482,40.4341283,-3.6615593
105354974,40.4362188,-3.6839812
106229635,40.4251183,-3.7136057
105945107,40.4330901,-3.6806884
106034136,40.4183464,-3.7010792
105338148,40.4283008,-3.6773103
105692944,40.4334629,-3.6851523
105379719,40.4154585,-3.6731429
106235078,40.3805789,-3.6229751
106053407,40.4348806,-3.6849664
106232981,40.3789736,-3.6215996
105904644,40.4564463,-3.7021202
105425617,40.4233027,-3.6799069
103655240,40.4212347,-3.6973713
104635587,40.4307029,-3.6679957
105717162,40.4263148,-3.6705399
105362922,40.4222219,-3.6987659
106094454,40.4359244,-3.6224474
106295762,40.4695843,-3.7270654
105169859,40.4752893,-3.7341828
105621684,40.4262228,-3.7051463
106293552,40.4468585,-3.6600742
103786667,40.4668571,-3.6811301
105609199,40.4530525,-3.6704188
104952998,40.4223179,-3.6738964
105458784,40.5060281,-3.6689973
106289676,40.4994135,-3.6726518
102337728,40.4199396,-3.6985319
105625856,40.4033849,-3.6800512
106079633,40.4365357,-3.682536
101980713,40.4291479,-3.6870993
105510963,40.4926581,-3.6553776
106056840,40.4938295,-3.6605686
105781276,40.3884961,-3.687323
105575130,40.4134506,-3.6984233
101792453,40.4556582,-3.7719874
104377549,40.4887933,-3.658817
103910133,40.4728773,-3.7695867
105367340,40.4137322,-3.6977051
101605287,40.4547318,-3.7777891
96292622,40.4697366,-3.7962853
102981559,40.4146839,-3.7042856
103775576,40.4502602,-3.6866587
103868199,40.4940505,-3.618054
104916900,40.4686518,-3.6806022
104580925,40.432192,-3.6902547
106134430,40.3999708,-3.7551017
106211397,40.4671583,-3.6777979
104567294,40.4232518,-3.7059876
101981389,40.4106931,-3.7042175
97875752,40.4667057,-3.6806596
97875752,40.4667057,-3.6806596
101399733,40.4560948,-3.7923488
105893822,40.4549016,-3.7731325
106143023,40.4337886,-3.681939
106280987,40.4290021,-3.7069818
104938362,40.4231023,-3.6729937
106191081,40.4121216,-3.7054612
106083962,40.4273293,-3.6900325
106294584,40.4877644,-3.7242355
105451572,40.4532374,-3.6222437
100421542,40.4237452,-3.6679603
106016508,40.4525841,-3.6199289
104103711,40.466116,-3.6711564
103550321,40.4275241,-3.7190864
105684691,40.4952336,-3.6179899
106282078,40.4484828,-3.6973614
105534224,40.4709447,-3.7283725
103792977,40.4736295,-3.8269709
103628504,40.4692232,-3.8122808
105891810,40.4540501,-3.6284867
96982668,40.4727078,-3.8145335
105289238,40.4722832,-3.7269229
97801997,40.4794654,-3.741656
106306173,40.4353388,-3.651146
105969917,40.422134,-3.7147932
106065061,40.4636088,-3.6657833
104111225,40.4676145,-3.6797877
101344227,40.4563102,-3.6264718
104210607,40.4278876,-3.7003323
105725419,40.4534258,-3.7788869
106071251,40.4208457,-3.6981382
106134199,40.4358265,-3.6480139
106226512,40.444838,-3.6958114
103952448,40.4686341,-3.6800244
104437905,40.4530195,-3.7127582
105527162,40.481596,-3.6957855
105528344,40.4153473,-3.711604
105829686,40.4226253,-3.6719929
105036254,40.4153152,-3.7138457
105924592,40.4149055,-3.672681
105527162,40.481596,-3.6957855
105829686,40.4226253,-3.6719929
103355651,40.3998472,-3.6732014
105449412,40.4382936,-3.6800193
104400450,40.480505,-3.741754
105968310,40.4102873,-3.714951
104747069,40.4249551,-3.679256
103666203,40.4398635,-3.6719725
99095593,40.4124895,-3.7133811
105368182,40.4708801,-3.6735061
102911946,40.4214058,-3.6871181
105155727,40.4584801,-3.6252091
105109668,40.4527848,-3.686834
105014946,40.4294393,-3.6860447
105887409,40.4212954,-3.6760126
105278937,40.3999235,-3.6740851
101956879,40.4717172,-3.8149412
105070649,40.4871271,-3.7090622
105773894,40.4126334,-3.7118016
106248523,40.4872024,-3.6663497
105096645,40.4573014,-3.7601068
105157792,40.4037113,-3.7150774
105408203,40.4354464,-3.7162905
105007500,40.4560866,-3.6426633
105315233,40.4208398,-3.7098833
106267284,40.4529143,-3.6885621
106158684,40.4301167,-3.6736918
105904277,40.4953647,-3.672905
101144968,40.4765946,-3.8322623
106252040,40.4349181,-3.7047464
106280453,40.407724,-3.7244077
106148814,40.4267983,-3.7009646
105392078,40.4266675,-3.6779713
105580740,40.5061093,-3.7045233
105959710,40.4024439,-3.7061493
105609718,40.4706923,-3.7877156
105574069,40.4993172,-3.6718439
105199032,40.4129948,-3.708349
93038743,40.4694222,-3.7858806
94914491,40.4547135,-3.6317056
99851911,40.4186085,-3.7036609
103365843,40.4190631,-3.7045525
106037939,40.4243678,-3.6668608
105569931,40.4447782,-3.6552869
106279559,40.4829374,-3.6757307
104180285,40.452523,-3.6356945
104499449,40.4237408,-3.668904
105952875,40.4603808,-3.6315309
106054735,40.3961778,-3.6972992
96157390,40.4218254,-3.6899761
104602745,40.4255088,-3.6949321
104177407,40.4692298,-3.7263192
104356208,40.4250248,-3.7191574
104281658,40.4855961,-3.7102227
106095508,40.4604894,-3.5856548
106249087,40.4303289,-3.6695381
105959560,40.4558749,-3.787606
104611757,40.4681346,-3.7271232
102093483,40.4125053,-3.6882492
100843738,40.4643308,-3.680694
105276550,40.4265718,-3.6751375
103997327,40.4261657,-3.6761755
102043012,40.4615205,-3.6780267
105326648,40.4454507,-3.6149783
105122568,40.4263018,-3.6696419
101215323,40.4220221,-3.6768369
105205924,40.4569718,-3.6779203
105229967,40.4372004,-3.7041798
104804013,40.4650015,-3.6869952
103933173,40.4877021,-3.670201
102922909,40.4521387,-3.6664768
103334938,40.4715212,-3.8144169
101133402,40.4382632,-3.6823748
105438638,40.4282503,-3.7107826
102389393,40.421072,-3.6768439
104613472,40.4287757,-3.6985114
97416073,40.4329034,-3.6893372
100843565,40.464567,-3.6831311
106167991,40.4237288,-3.6795971
28839965,40.4760715,-3.8289866
105704914,40.4359368,-3.7169046
103342470,40.4737336,-3.7501349
105003804,40.4322716,-3.7223126
105438638,40.4282503,-3.7107826
28839965,40.4760715,-3.8289866
105943886,40.4758298,-3.7386552
97396480,40.4603737,-3.6855484
104428294,40.4762039,-3.8294604
98300869,40.456,-3.7719251
92717047,40.4423696,-3.6906382
103682987,40.4756922,-3.8261937
104179896,40.4689306,-3.8130415
105547133,40.4734429,-3.734196
102694762,40.4530377,-3.6714334
103930746,40.4453741,-3.6350711
105500975,40.4584404,-3.6844283
100146519,40.4442095,-3.6828575
105725481,40.4371153,-3.7157493
105197920,40.4524481,-3.691719
106107690,40.4009772,-3.673958
103565392,40.4556304,-3.6638265
88552525,40.4610371,-3.7762809
106296133,40.4659724,-3.682458
100638364,40.4140217,-3.7030768
105083647,40.4460754,-3.6649904
105963713,40.3819556,-3.7482734
106291670,40.4371603,-3.7143492
96990574,40.4555208,-3.6274032
106291235,40.4376599,-3.7183094
106026132,40.4079779,-3.7127012
105881116,40.4929795,-3.6874385
105897932,40.4920715,-3.711819
103365766,40.4233696,-3.7087501
105892928,40.3942468,-3.6927687
105753604,40.4148628,-3.6744791
103052663,40.4346699,-3.6877084
105245909,40.3922522,-3.6813742
104804297,40.4169365,-3.710742
106002365,40.4346412,-3.7154197
104526526,40.4026745,-3.6962456
106185665,40.4681452,-3.6650287
103518655,40.453757,-3.6373765
104804297,40.4169365,-3.710742
102787971,40.4461852,-3.7857646
105693058,40.4254964,-3.6751236
104286191,40.4367067,-3.6928558
105753604,40.4148628,-3.6744791
106026132,40.4079779,-3.7127012
104607160,40.4595441,-3.6222423
28853762,40.4498754,-3.6223596
102750021,40.4596483,-3.6334482
105965544,40.4724082,-3.7509219
105692476,40.4077853,-3.7199538
105939781,40.4602157,-3.6909238
104544416,40.4202997,-3.6751845
104870436,40.47234,-3.6868329
104812684,40.4535355,-3.666009
105697150,40.4005953,-3.7184088
102993565,40.4359128,-3.6775768
101329238,40.4224304,-3.6702581
104566289,40.4244688,-3.6718166
102455413,40.4365688,-3.6848098
105501144,40.4306837,-3.6808062
106185285,40.4787013,-3.738231
103094871,40.4204574,-3.6755002
100736950,40.4236102,-3.6859998
105980504,40.3938949,-3.683773
105882131,40.3916087,-3.7024861
104870397,40.4758656,-3.6858161
105505309,40.4288958,-3.6824906
105329169,40.4344853,-3.678906
103366793,40.4589323,-3.6239163
93752362,40.4704826,-3.7295494
105913955,40.4142752,-3.6954348
103967986,40.4932358,-3.7066606
104161105,40.4503832,-3.6424965
106151385,40.4155465,-3.7115386
105495786,40.4059353,-3.7052303
105206390,40.4020122,-3.7364496
105528295,40.4265926,-3.6748106
105490983,40.4247206,-3.6708387
105528295,40.4265926,-3.6748106
106151385,40.4155465,-3.7115386
105436920,40.4277507,-3.6691161
105521069,40.4160307,-3.7113659
105027138,40.456408,-3.762744
105510209,40.4384314,-3.6857675
105206390,40.4020122,-3.7364496
105615858,40.4709003,-3.8109539
105495786,40.4059353,-3.7052303
105897372,40.4376846,-3.6773039
105020455,40.4371355,-3.698247
97758039,40.4663931,-3.6784013
97363205,40.45659,-3.64538
104349495,40.4275515,-3.6868171
105324431,40.4565106,-3.6756241
104850359,40.4125706,-3.707258
104079414,40.4423866,-3.6886937
106065853,40.4209901,-3.6988654
104663736,40.4644824,-3.6872123
104244580,40.425167,-3.6893296
103005702,40.4157254,-3.7133075
106149700,40.3828378,-3.6954368
106190415,40.4226311,-3.7012052
106083598,40.4305746,-3.7055193
105659785,40.4240343,-3.7046107
106232776,40.4379107,-3.715434
106281323,40.426558,-3.6679943
106131506,40.4504471,-3.6670473
106081215,40.4237545,-3.7182605
102711209,40.4171993,-3.7019071
106213271,40.4149535,-3.6698636
106091063,40.425499,-3.7140666
106093199,40.4954328,-3.619265
105409689,40.4529966,-3.6292338
104176631,40.4249349,-3.708929
105673311,40.46039,-3.7717075
106167181,40.4213882,-3.673765
106232915,40.4501156,-3.6901375
106137924,40.4317434,-3.6856045
104983919,40.4120886,-3.7000461
105131952,40.4338447,-3.6974491
105120699,40.4550442,-3.6468901
104812437,40.4633659,-3.6645332
106265016,40.4630489,-3.7941601
105902277,40.4119974,-3.7080392
105386768,40.4320647,-3.6796877
99170917,40.4243905,-3.6842327
105294446,40.4227688,-3.6781861
105893457,40.4284621,-3.7186925
106123300,40.4594896,-3.7955831
103607713,40.4211781,-3.7168912
105953428,40.4087307,-3.699208
103688184,40.4268607,-3.7164324
105515074,40.4095382,-3.7061743
105975586,40.4087841,-3.7044692
105597765,40.4492303,-3.7021782
103676738,40.4529753,-3.6223197
105768680,40.3869704,-3.6714242
97670197,40.4410012,-3.6643931
104311723,40.4220153,-3.7046102
105752102,40.4082315,-3.6995764
105360056,40.4258937,-3.7085405
105366209,40.4131582,-3.7275894
105653115,40.4747678,-3.7181248
103798885,40.476197,-3.7254954
105198003,40.3924886,-3.7023834
105822598,40.453659,-3.6939801
105869235,40.4086387,-3.70412
104671284,40.4499273,-3.6865936
100645460,40.4541185,-3.6795166
104295567,40.4345992,-3.6783379
105636755,40.438259,-3.6196902
103839118,40.4120179,-3.6907242
104199366,40.4540481,-3.6212964
98352583,40.4791079,-3.7338059
102823965,40.4805218,-3.7421078
104291409,40.4894903,-3.7305211
93214596,40.4378747,-3.6242785
98352607,40.4799302,-3.7316955
105422434,40.4839882,-3.7105365
98352583,40.4791079,-3.7338059
101519606,40.471395,-3.7507093
104291409,40.4894903,-3.7305211
104199366,40.4540481,-3.6212964
105700444,40.4322802,-3.6817222
105714011,40.4147807,-3.7020138
106054242,40.4598062,-3.6784885
98623663,40.4504823,-3.6856974
105653410,40.4322717,-3.6747067
105943388,40.4266592,-3.6817117
105959994,40.4417651,-3.6830021
105971135,40.4232756,-3.6747981
104252638,40.4372685,-3.7053061
105201758,40.4277222,-3.6734827
106211357,40.492943,-3.7007414
104515031,40.449167,-3.6907605
103432088,40.4384744,-3.6934937
104793114,40.4328676,-3.6850264
102729947,40.4585112,-3.631648
101186919,40.4549938,-3.6806176
105420010,40.4343653,-3.6815679
104349847,40.4219216,-3.6763878
105624633,40.4215005,-3.7044452
104496367,40.4262519,-3.695401
105497630,40.4625214,-3.6825312
102032315,40.4257138,-3.6792799
104502365,40.4289878,-3.6935643
98249348,40.4279821,-3.6975986
105049357,40.3929352,-3.6959
104031833,40.4546074,-3.6885813
106149176,40.4594441,-3.5856644
103550987,40.4395531,-3.6729322
106277750,40.4768413,-3.6764701
105938723,40.3861308,-3.746501
105962442,40.4226044,-3.6742174
105514651,40.3725547,-3.7547158
104632351,40.4615283,-3.6735528
105260875,40.4196083,-3.6764253
100313608,40.4470626,-3.684153
103775089,40.459624,-3.6906709
105047027,40.4291591,-3.6972165
97995920,40.4510782,-3.6864351
103784576,40.4512506,-3.6393966
105260875,40.4196083,-3.6764253
105447635,40.5104441,-3.6974329
102417477,40.4917888,-3.6162916
104053094,40.4516391,-3.6708223
87078840,40.4746544,-3.8346703
105903977,40.5069069,-3.6952903
98909785,40.4775344,-3.7315468
105850524,40.4277834,-3.7133842
105903833,40.4317979,-3.7235216
99071255,40.4668931,-3.6757013
105424247,40.4112844,-3.6961994
106024804,40.4783921,-3.8315511
102991591,40.4299245,-3.6661872
105474299,40.4425781,-3.6701296
101183612,40.4340089,-3.686075
105713594,40.4366526,-3.7171871
105386293,40.4216742,-3.6739072
102459242,40.4136524,-3.7069465
104127452,40.3872393,-3.6925739
103979629,40.4380115,-3.70108
104847932,40.4652459,-3.6476742
100891794,40.4376522,-3.6822049
102715029,40.4175012,-3.7008969
104944203,40.4187684,-3.710087
105035004,40.4147199,-3.7045547
105888125,40.4636484,-3.682948
103963842,40.4529125,-3.6257622
102626260,40.4702529,-3.8057219
106024601,40.4097894,-3.7130737
103964968,40.4972068,-3.7103015
105968245,40.4213011,-3.7071539
102656614,40.4142079,-3.6986516
104922553,40.4106843,-3.697034
101909471,40.4261509,-3.7085269
86308196,40.4282306,-3.6835619
98271193,40.4694945,-3.8247124
105461907,40.436564,-3.7170601
105949655,40.4231766,-3.671582
105970286,40.4109363,-3.7145252
106038416,40.4402456,-3.6181994
104609535,40.4531463,-3.6636888
106017344,40.4502142,-3.6804946
98471053,40.4591495,-3.6293644
101433504,40.4575565,-3.6345628
105885694,40.45846,-3.6756148
105155339,40.4127002,-3.6956798
105006331,40.4232183,-3.6774649
104869710,40.4586606,-3.6282926
105622597,40.4944579,-3.6539668
105188328,40.440448,-3.6889919
104179776,40.4177128,-3.7008438
105834490,40.4290309,-3.6759369
103868673,40.4166897,-3.7051649
105943871,40.4229057,-3.668093
104495698,40.4204927,-3.7007531
106235016,40.4460233,-3.5990583
105463749,40.4762208,-3.6704517
106131456,40.4397991,-3.6974358
102940605,40.4684182,-3.7881545
104973813,40.4111418,-3.6969094
104152121,40.4552836,-3.6404503
98533010,40.4456219,-3.6983123
105387407,40.481239,-3.6759293
106193429,40.4300162,-3.6728749
105468766,40.4473194,-3.6629182
105034977,40.4154095,-3.6999691
106130743,40.4587452,-3.6290739
103989883,40.4179164,-3.6981617
105838180,40.4551987,-3.7924009
105028115,40.4153431,-3.7045233
106097667,40.4374457,-3.6661421
106198314,40.4564343,-3.6503752
104810089,40.4231251,-3.7105282
106199730,40.4569524,-3.6519958
105987448,40.4239292,-3.707834
106170730,40.4191394,-3.677066
106199730,40.4569524,-3.6519958
105987448,40.4239292,-3.707834
102608484,40.4559259,-3.6521284
102175139,40.4845471,-3.6349768
91375740,40.4269437,-3.6773643
105426650,40.4226264,-3.6908061
106250488,40.4758348,-3.6994337
96809428,40.4267285,-3.6760351
105889280,40.4230355,-3.6683268
103784745,40.4937177,-3.7265442
105521323,40.4809191,-3.7279155
102244067,40.4752943,-3.7286554
105014486,40.4751119,-3.7265873
88740989,40.5018085,-3.6885781
96164743,40.4823864,-3.7320976
102233469,40.4932959,-3.7037292
100460134,40.4344451,-3.6777924
105501862,40.4350492,-3.7026203
105839863,40.408685,-3.6807285
106239310,40.4313773,-3.7015814
106025692,40.4317939,-3.6315781
106204553,40.4175244,-3.6768512
105839716,40.4663278,-3.584367
90372493,40.4339964,-3.683439
103042820,40.4265102,-3.6983895
105894129,40.4592452,-3.6544083
99895896,40.4650295,-3.6584163
105700976,40.4671849,-3.5920519
105298069,40.4938855,-3.7097198
105360029,40.4763507,-3.7220302
101474886,40.4829575,-3.7402669
105820994,40.4621128,-3.6786464
105898405,40.4553136,-3.6901521
102896759,40.4910497,-3.6177571
104375849,40.4373982,-3.7000976
104851405,40.462362,-3.6865494
104466910,40.4429354,-3.6422868
104020348,40.4358254,-3.6716732
105409913,40.4403964,-3.6785591
106046207,40.4593174,-3.6632088
105409913,40.4403964,-3.6785591
105948599,40.3782958,-3.6229395
104318049,40.4574828,-3.632897
105693215,40.4459018,-3.645975
102896759,40.4910497,-3.6177571
106255142,40.4060396,-3.7168676
103629328,40.4355756,-3.6602191
105830813,40.4333013,-3.6937843
104908744,40.462679,-3.6710354
106010104,40.4398199,-3.7125804
105358998,40.3930613,-3.6792964
87358652,40.4566453,-3.6321117
105485002,40.4540166,-3.6690025
104330505,40.4307196,-3.7010477
105431824,40.4240884,-3.6722863
103994353,40.4682863,-3.8100112
95873524,40.4536106,-3.6337492
104583495,40.4362022,-3.6841381
104236861,40.434129,-3.7158738
103163793,40.4286149,-3.6728845
104841341,40.4311501,-3.7231233
105116732,40.4243858,-3.6820819
105642015,40.5074062,-3.6869503
103658978,40.4565628,-3.5912822
103858120,40.4391995,-3.7149044
102002635,40.4523714,-3.6660579
103242099,40.4223802,-3.6768973
103211147,40.4803661,-3.739504
105877041,40.4505078,-3.6797448
105724174,40.422249,-3.6747153
104880975,40.4200616,-3.6996377
104507919,40.4332651,-3.6874395
99974836,40.4290468,-3.6852231
102633583,40.420049,-3.6919979
104166506,40.4320085,-3.6862535
104709549,40.4287498,-3.6758241
105546874,40.4289544,-3.681696
105953088,40.4558808,-3.6467898
105191525,40.4318337,-3.6549662
104851422,40.4240172,-3.7135546
105191525,40.4318337,-3.6549662
105146252,40.4317874,-3.68186
105659963,40.4236478,-3.6734129
105193975,40.4242368,-3.6768483
106313540,40.4470543,-3.6827747
105533572,40.4381069,-3.6368263
106280118,40.4520008,-3.679135
100335644,40.4152461,-3.7120919
101539053,40.4265802,-3.719818
103148614,40.4677296,-3.7933893
87331010,40.476484,-3.8231719
102107584,40.4289251,-3.6872744
103947872,40.4279269,-3.6788628
102889337,40.436128,-3.6949638
105004739,40.4247845,-3.7136551
104621332,40.4692837,-3.7840635
105457544,40.4230015,-3.6734583
99663013,40.4147346,-3.7115911
105887813,40.4941187,-3.7107712
106211448,40.3833705,-3.7027946
99600271,40.448242,-3.671371
105457214,40.426186,-3.6772956
105030053,40.3615442,-3.7611401
105379068,40.4586257,-3.6761737
106267438,40.4087687,-3.7242948
105236114,40.4524785,-3.6791071
104853038,40.4546056,-3.6661348
106290008,40.4901969,-3.6580047
106264579,40.4079873,-3.6893701
106139309,40.4505446,-3.6879509
104845979,40.4637719,-3.6641677
105516131,40.4243022,-3.7028242
105774021,40.436953,-3.6982038
103736152,40.4553717,-3.6803302
99290520,40.4443175,-3.6689331
100444019,40.4159542,-3.7254482
103950527,40.4384827,-3.6941713
103566834,40.4273448,-3.6768251
103610280,40.4276236,-3.6778716
106000509,40.4294631,-3.6672591
103566834,40.4273448,-3.6768251
105642291,40.4244976,-3.6989588
103369764,40.4852991,-3.6356089
104325413,40.4496376,-3.6911071
106006289,40.4043013,-3.7287228
105681411,40.4825005,-3.6338964
104487544,40.4254677,-3.6723453
102851970,40.415514,-3.7020242
105358070,40.4271825,-3.6785024
106159232,40.3990715,-3.7682771
104691873,40.4273584,-3.6688241
106159003,40.3980376,-3.7673409
105951484,40.4235364,-3.7061009
105004963,40.4364004,-3.6806363
97345056,40.4492883,-3.6130379
105536555,40.4274044,-3.7166711
106135787,40.4203513,-3.7048293
37329047,40.4486423,-3.6878038
89723902,40.4578252,-3.6915403
106000382,40.3695374,-3.7063046
105948576,40.4230582,-3.7026731
95993380,40.4581871,-3.6672064
103710062,40.4534405,-3.6220855
103494183,40.4318125,-3.704722
104130276,40.4486138,-3.6995576
105733670,40.4538065,-3.6927794
106061403,40.4215799,-3.6766005
106000076,40.4210584,-3.6173527
104154992,40.4361162,-3.664154
105053265,40.4312074,-3.6360765
104440887,40.4366513,-3.6885705
104324256,40.4297381,-3.6925693
104515115,40.461741,-3.6846344
104070205,40.4499985,-3.6889181
96581383,40.4528142,-3.6869479
104111429,40.4507193,-3.6885708
105639988,40.4524843,-3.6778111
105379840,40.4532078,-3.6837955
100980412,40.4290833,-3.6720233
103106386,40.4275762,-3.6717765
102248221,40.4384878,-3.6809044
105596269,40.4319297,-3.696517
106172806,40.4598623,-3.5873381
104418363,40.4504332,-3.6692418
104187513,40.489742,-3.7319108
101825647,40.4508237,-3.6176203
101765607,40.4274699,-3.676225
105060273,40.4650304,-3.6848088
104837459,40.4130867,-3.7064451
105820676,40.4544912,-3.6514003
98778926,40.5068189,-3.6618602
106295070,40.4150946,-3.7052849
106000145,40.4104237,-3.7124954
95727746,40.4576988,-3.7825311
106291217,40.4703417,-3.6767382
102636718,40.4175471,-3.7025091
104702331,40.4108356,-3.7138391
100769979,40.4576245,-3.6242228
102516774,40.4231225,-3.6743374
105242394,40.4152,-3.7112962
105198907,40.4254589,-3.6843845
106081002,40.4582622,-3.6984746
105700366,40.4503024,-3.6891222
82356922,40.4303959,-3.6852874
103462161,40.4262324,-3.6814431
104553935,40.4269113,-3.6795454
102496159,40.434194,-3.6872202
105636280,40.4170878,-3.7090743
105722952,40.4221101,-3.6762895
105179556,40.4397705,-3.7010133
106238734,40.4393858,-3.710336
99511919,40.4416466,-3.6254249
98360851,40.3921698,-3.7802755
104717735,40.4490194,-3.642456
104029174,40.4335856,-3.6724549
101126503,40.4137473,-3.6903487
103326590,40.4257101,-3.6663668
105531110,40.4404183,-3.6891393
105237291,40.4509258,-3.6964133
94306349,40.4598742,-3.6247244
105237291,40.4509258,-3.6964133
94306349,40.4598742,-3.6247244
105054737,40.4485801,-3.6992852
105060405,40.4264616,-3.6689716
105681775,40.4469728,-3.632817
106155964,40.4248759,-3.7135625
105079015,40.4104101,-3.6661129
105080642,40.4370512,-3.6728333
97799867,40.4147365,-3.693062
101217596,40.4652958,-3.767827
102090236,40.4206687,-3.7168301
106289994,40.4279531,-3.6797616
105118396,40.4654582,-3.6844813
104651722,40.4576245,-3.768763
105909743,40.4479152,-3.614866
101980397,40.4154365,-3.6759605
104515791,40.4551794,-3.7195271
105293418,40.4571263,-3.6760147
104597352,40.4328212,-3.6806674
100891650,40.4244633,-3.6793984
89892456,40.4516239,-3.6211773
103687885,40.4071455,-3.7042095
104921593,40.4590856,-3.693144
103738584,40.4504952,-3.6206143
105246025,40.4344367,-3.6988589
102760438,40.4331345,-3.6768003
106061033,40.4011775,-3.6759494
104631472,40.4366584,-3.6854239
105229239,40.4143036,-3.6964543
103784948,40.4232118,-3.6917213
103568733,40.4249004,-3.6840846
106053874,40.4864632,-3.6995813
105028898,40.4230349,-3.6130966
105932827,40.4314976,-3.6959971
83735194,40.4679329,-3.6640544
104577165,40.4201069,-3.7082525
106126374,40.4627089,-3.6982783
106239644,40.3820624,-3.7423536
104977513,40.4739373,-3.6906215
40236166,40.4682816,-3.6776758
104950417,40.4302529,-3.6810413
105340870,40.4444715,-3.6119728
106175732,40.434565,-3.6733511
104871966,40.4661536,-3.6481654
98954898,40.4526726,-3.7721147
105457787,40.4311562,-3.7039878
104011571,40.4226575,-3.6761305
106097435,40.4655822,-3.5863034
105714512,40.4256179,-3.7059491
105107064,40.4339215,-3.6973582
106097966,40.3859646,-3.7396642
103110470,40.4163795,-3.6879975
105567792,40.4557689,-3.6651706
104134735,40.4131672,-3.6900899
105440490,40.4372859,-3.7003477
102623733,40.420793,-3.6807445
106137904,40.4378273,-3.6537396
106080965,40.4268124,-3.7010099
100260573,40.4337662,-3.6852481
101581822,40.4199048,-3.6895465
103733711,40.4457627,-3.7824389
101576250,40.4526265,-3.6885496
105105053,40.479482,-3.6768891
105686519,40.4821889,-3.6946501
105844441,40.5038379,-3.7026899
100720629,40.4348349,-3.6956418
104922948,40.4240118,-3.6849185
104184339,40.4320798,-3.7257808
34805636,40.4546327,-3.6286852
100208797,40.454809,-3.6887502
85696877,40.4484259,-3.6907545
103789189,40.4624077,-3.6545868
104639834,40.4813047,-3.6315203
106073889,40.4797473,-3.7307605
105341433,40.4114066,-3.6978712
103842626,40.4544609,-3.6877858
36447166,40.4681896,-3.6800443
104955930,40.4721085,-3.6898687
97798708,40.4703547,-3.7847975
105549140,40.3978936,-3.7322005
97798708,40.4703547,-3.7847975
100232036,40.4254382,-3.7038613
91030567,40.4289617,-3.6699932
104027192,40.4238549,-3.6853059
106074805,40.4733872,-3.7449327
106248534,40.4378397,-3.6212031
106126005,40.4345679,-3.7019127
105567509,40.4278489,-3.6782306
105894047,40.4427067,-3.6412159
105489439,40.4924247,-3.6605434
105620449,40.449181,-3.6949849
104933765,40.472929,-3.7283538
102657209,40.4494936,-3.673685
103879177,40.4841792,-3.6941165
101961435,40.4916345,-3.7144278
104923525,40.4283573,-3.7062017
98992949,40.4177729,-3.6723107
103350052,40.4246698,-3.6859458
105890057,40.4172796,-3.7011579
105853321,40.4441169,-3.7031321
105965322,40.42872,-3.6790438
105225949,40.4559168,-3.6870993
105974235,40.4240286,-3.6946888
105772685,40.3705316,-3.6230503
104867799,40.4140011,-3.6888594
105918628,40.4272435,-3.6772787
102879444,40.4703224,-3.7322793
102797910,40.428816,-3.7025405
105121522,40.4335483,-3.6663395
106078035,40.4330146,-3.7040263
99547247,40.4574606,-3.7037119
91667136,40.4463453,-3.674012
106126821,40.4128675,-3.6736406
99774247,40.3974308,-3.7339783
106171511,40.495935,-3.7124729
83350081,40.4904384,-3.7096547
106291719,40.4020118,-3.7146783
106300829,40.4390085,-3.7038127
102205853,40.4537959,-3.7084923
94860124,40.4594069,-3.6392273
104988410,40.436235,-3.6794954
91315391,40.4655405,-3.6779583
105652685,40.4751148,-3.7180575
105292912,40.4896399,-3.7328423
106014778,40.4443621,-3.7571649
106130703,40.4076899,-3.7133425
102265666,40.4263497,-3.6750854
105001210,40.4428834,-3.6699526
104949088,40.4170878,-3.7017306
104839744,40.4622304,-3.6957344
105612667,40.4160416,-3.6902736
104153844,40.4390017,-3.6157683
104153878,40.4390017,-3.6157683
101008663,40.4196103,-3.7082553
98887320,40.4145063,-3.7065208
101678905,40.4636377,-3.6723239
104153870,40.4390017,-3.6157683
102468076,40.4390017,-3.6157683
104153871,40.4390017,-3.6157683
106293253,40.4677929,-3.7037818
106041776,40.4062736,-3.700624
105047236,40.4256285,-3.6780291
105126468,40.4382894,-3.6826613
105843197,40.4252825,-3.6698681
102449248,40.4879715,-3.7070192
105520169,40.4489723,-3.7044216
104555857,40.45003,-3.6096236
105074696,40.4214613,-3.6747975
96780468,40.4545487,-3.6807108
102887802,40.4479099,-3.6702567
104919201,40.4214842,-3.6794803
106151837,40.425107,-3.6743943
106062082,40.4102488,-3.7117576
38196605,40.378117,-3.7419894
105075624,40.4075224,-3.7006863
105580949,40.4377042,-3.6878083
105521037,40.4400065,-3.6910075
105432214,40.4288713,-3.6811539
102777616,40.4368634,-3.623607
106226878,40.4061003,-3.6162199
106226878,40.4061003,-3.6162199
102654124,40.4249494,-3.674756
103348853,40.436419,-3.6810233
100367635,40.416916,-3.677473
103990661,40.4107431,-3.6959855
106295661,40.4829265,-3.7245071
105594410,40.4228988,-3.6765541
105449972,40.4407665,-3.6818687
99596854,40.4371429,-3.6836446
105047824,40.4241647,-3.6704236
98970567,40.415816,-3.6741705
35336440,40.4633371,-3.688422
104625810,40.4589393,-3.6695859
94520287,40.4828362,-3.6681545
104797646,40.426322,-3.6647319
105164974,40.4400597,-3.6640218
104596158,40.4557806,-3.6647861
105951964,40.4285957,-3.6441148
105977811,40.4150064,-3.6959142
105514440,40.4462701,-3.6710695
105265929,40.4297075,-3.7045795
105548922,40.4815003,-3.6633552
106256800,40.4552638,-3.5877199
106263783,40.4511341,-3.6800877
105098727,40.4075767,-3.6706264
104364341,40.4283559,-3.7077178
104800865,40.3990994,-3.5483682
104240193,40.4663443,-3.7033957
103916176,40.3990994,-3.5483682
104240189,40.4663443,-3.7033957
105799834,40.3990994,-3.5483682
106209644,40.4418861,-3.6388252
106341578,40.4225902,-3.6980948
105188391,40.3804888,-3.7150235
106106041,40.4091895,-3.6995163
105711000,40.4732977,-3.7047655
106347738,40.4303311,-3.6797603
104696940,40.4114147,-3.710654
105682413,40.4219572,-3.6862229
101395168,40.471162,-3.7500462
101395168,40.471162,-3.7500462
105523255,40.4578612,-3.7020611
102443886,40.4542149,-3.6898898
105168585,40.4651302,-3.6325158
106058089,40.4452001,-3.6079056
105328203,40.4842518,-3.66318
103815153,40.4364387,-3.6801901
102684554,40.4512949,-3.6795116
103059705,40.4243097,-3.6785957
102583034,40.4247113,-3.6785103
102584833,40.4282289,-3.6779591
105374179,40.3848517,-3.7348041
105570925,40.4988037,-3.6857588
100843480,40.4564508,-3.6819593
102405677,40.4389027,-3.626421
104989595,40.4623362,-3.6676993
102467979,40.424172,-3.6760789
105929864,40.3849649,-3.739839
102189591,40.4217142,-3.6748307
106343763,40.4627395,-3.7690282
106343794,40.4627395,-3.7690282
106343764,40.4627395,-3.7690282
106343788,40.4627395,-3.7690282
89025254,40.4563405,-3.6358865
106343789,40.4627395,-3.7690282
106343776,40.4627395,-3.7690282
106327372,40.3762984,-3.7478373
106343796,40.4627395,-3.7690282
106343786,40.4627395,-3.7690282
106343770,40.4627395,-3.7690282
106343777,40.4627395,-3.7690282
106343780,40.4627395,-3.7690282
106343754,40.4627395,-3.7690282
106343755,40.4627395,-3.7690282
106343778,40.4627395,-3.7690282
105193973,40.483341,-3.6945527
106343779,40.4627395,-3.7690282
98270519,40.4672813,-3.6667947
104595593,40.4229731,-3.6735855
105306822,40.45963,-3.6967908
105962129,40.4171234,-3.6757225
95798532,40.4134049,-3.6981866
105932913,40.467764,-3.6863285
105799684,40.4583606,-3.7107647
95642333,40.4241179,-3.6770676
106250244,40.4260239,-3.7049319
105581985,40.4425144,-3.696779
106240259,40.4831199,-3.6728615
25473186,40.4693779,-3.7841597
106335189,40.421464,-3.6158179
106347542,40.4316356,-3.6424105
106269224,40.427664,-3.6769318
105443399,40.4338016,-3.6659501
105165709,40.425198,-3.670579
105380526,40.4115987,-3.6925897
106096029,40.4364867,-3.7038188
105890453,40.4756272,-3.7208958
99449824,40.3975926,-3.670719
106240523,40.4619549,-3.6930515
106348069,40.3985176,-3.544627
106345960,40.3481814,-3.7020925
106345997,40.3481814,-3.7020925
106130123,40.461379,-3.7033678
106345926,40.3481814,-3.7020925
105354509,40.4385647,-3.7003102
105642431,40.420716,-3.7033871
104292614,40.4503011,-3.6157875
105290714,40.4422299,-3.7168609
105489630,40.4143625,-3.7028142
105222028,40.4640659,-3.69088
105191243,40.4574391,-3.6762876
104071408,40.4232351,-3.6871542
102704789,40.441981,-3.6801759
100935499,40.3902761,-3.6378494
106341801,40.4317103,-3.7007102
106334383,40.4168619,-3.6687446
106330416,40.4377054,-3.634275
105556346,40.4729846,-3.7225278
105898261,40.4039132,-3.6912866
106333904,40.380116,-3.6064849
105235991,40.4511153,-3.6966383
105810060,40.4544346,-3.6461734
103283712,40.4960158,-3.6531746
105975342,40.4608003,-3.6939004
104871272,40.4995569,-3.7070891
88584622,40.4757375,-3.8302691
102753222,40.4828362,-3.6681545
105777646,40.4609553,-3.7080125
102482662,40.4141653,-3.6931101
105706865,40.4534907,-3.7020244
104624643,40.4071847,-3.6693562
103904845,40.4399761,-3.6495387
106329739,40.346688,-3.6947533
106329745,40.346688,-3.6947533
105404608,40.3936689,-3.6961739
99885896,40.4259851,-3.7080427
106336185,40.4168505,-3.7128617
106240923,40.4755149,-3.6695013
105356745,40.4081475,-3.6406486
101932319,40.4107698,-3.6984775
105595562,40.4154404,-3.7020832
106138388,40.4254207,-3.6701082
106193031,40.4451081,-3.5880461
105384281,40.4440904,-3.617673
106078207,40.4237884,-3.6635042
106221276,40.4816711,-3.7159561
106159051,40.4957491,-3.6207778
105660168,40.4249941,-3.7128501
106334091,40.3990994,-3.5483682
106334308,40.3990994,-3.5483682
106334313,40.3990994,-3.5483682
106144167,40.4222967,-3.7043349
86350885,40.4216088,-3.7158449
105947481,40.4577063,-3.6926252
105292978,40.4076429,-3.6993281
106304692,40.4129468,-3.7146518
91759517,40.4201146,-3.7178565
105890444,40.3950875,-3.6985108
106292405,40.4318236,-3.7091875
105413336,40.40765,-3.7024494
105195927,40.4255691,-3.6956108
98567072,40.4722464,-3.7479362
104951325,40.3978115,-3.7007736
106333663,40.4944528,-3.7018807
106331222,40.3736535,-3.6172223
106018047,40.4031995,-3.7399293
106086118,40.3977089,-3.7678929
105992970,40.4706786,-3.7273166
105978229,40.4747311,-3.5748272
105206710,40.4059609,-3.6953645
103333071,40.4578037,-3.7067226
106107507,40.3840948,-3.7473273
105770619,40.4869803,-3.7035717
90971211,40.4310272,-3.7161817
104847444,40.4316966,-3.7136135
105041538,40.4239003,-3.702439
103636276,40.448242,-3.671371
104846978,40.4277135,-3.7036221
105735621,40.4519195,-3.6506556
103154865,40.4725708,-3.5966538
106119641,40.4389138,-3.6758462
97194709,40.4302112,-3.7181927
98269933,40.4297361,-3.7101616
105526724,40.4265972,-3.6692141
105737148,40.3766256,-3.7429828
103352499,40.4249551,-3.679256
102791060,40.428544,-3.7021771
101581055,40.4324027,-3.701746
104038199,40.5077413,-3.6932212
105930656,40.4172643,-3.6744512
106204988,40.4232916,-3.6663693
103157008,40.4297779,-3.6709153
105192135,40.4541422,-3.6959168
105764161,40.4116152,-3.7128253
106346595,40.4236873,-3.6997009
82208042,40.4429556,-3.5843227
106108729,40.4296737,-3.6254225
99902995,40.4246637,-3.6733997
105994350,40.4131818,-3.710841
105843204,40.4660036,-3.7014077
105788038,40.4449598,-3.5751625
106151609,40.367991,-3.6912354
105619734,40.4453827,-3.6413616
105778078,40.4096252,-3.7011458
105960797,40.4529195,-3.7095009
105994350,40.4131818,-3.710841
105843204,40.4660036,-3.7014077
106248751,40.4197434,-3.6726634
106210500,40.4481222,-3.7059782
106256997,40.4421693,-3.6757115
106068749,40.4183055,-3.6717151
106088736,40.4685258,-3.6962503
103490631,40.4266101,-3.6687939
105756024,40.4122469,-3.7089117
106007426,40.4161025,-3.6753124
102049879,40.446713,-3.6660271
105093822,40.4262455,-3.6833132
105556184,40.4424369,-3.6976488
106237982,40.3630219,-3.6025769
106071126,40.4093769,-3.6990858
36089316,40.4323064,-3.7147146
105292599,40.412979,-3.7008887
104885052,40.4173857,-3.6733563
106199611,40.4372456,-3.639833
106235842,40.4164209,-3.7100068
106026355,40.38837,-3.6506287
105845137,40.4244787,-3.6942977
101290617,40.4317494,-3.6791785
105077591,40.4354042,-3.7033795
105988866,40.3817512,-3.6305018
105788060,40.4449598,-3.5751625
106126541,40.4624839,-3.7962266
106138200,40.4161166,-3.6717916
106147362,40.4080197,-3.7051831
106341143,40.4158335,-3.7052556
102065571,40.4136826,-3.7211755
105728660,40.4118005,-3.670566
104214239,40.4170078,-3.7012326
106100680,40.3584934,-3.6866441
105856761,40.4401573,-3.7170633
106088345,40.3986227,-3.707054
104209163,40.4247814,-3.7260707
105579524,40.4320318,-3.6830717
105856761,40.4401573,-3.7170633
105658577,40.4440206,-3.6492172
106027905,40.4577201,-3.6954058
106105829,40.4498367,-3.7008195
105022980,40.4151569,-3.7135746
100507409,40.4690331,-3.8111196
105049233,40.4269465,-3.6667201
101629426,40.4180132,-3.7059626
97793621,40.410497,-3.7066202
102837633,40.4223759,-3.708217
97302840,40.404219,-3.6995066
98496409,40.4379497,-3.6385633
105078646,40.417539,-3.6722149
105125750,40.4395953,-3.6984169
106256311,40.3955767,-3.7348885
105642810,40.452149,-3.6684561
104029367,40.4683996,-3.7828373
106312783,40.4415377,-3.7023008
105767996,40.4160222,-3.7035573
104842298,40.4508592,-3.6761427
105914274,40.4407591,-3.6779457
106161705,40.4084666,-3.7202815
103381395,40.4434449,-3.5809918
105237059,40.4232761,-3.6728137
103267917,40.4789413,-3.6660865
105904731,40.4328179,-3.6507593
105120183,40.4228506,-3.7243075
105490198,40.4695281,-3.6631314
104899287,40.4171278,-3.7124476
105995798,40.466437,-3.6780736
106341137,40.4113074,-3.7050677
100993050,40.461158,-3.6605883
105352331,40.4533685,-3.6332
93273597,40.4157337,-3.708202
106107471,40.4398219,-3.6283331
105400335,40.4168743,-3.7028327
106332062,40.372918,-3.5843136
106175231,40.3911729,-3.6890808
105577580,40.4548018,-3.6913479
106332062,40.372918,-3.5843136
105400335,40.4168743,-3.7028327
106134145,40.4287412,-3.6396903
106107471,40.4398219,-3.6283331
99385546,40.4733564,-3.7880136
105512343,40.4169226,-3.6727267
101379517,40.4679522,-3.7084747
97082994,40.4355915,-3.6842261
105289239,40.3877508,-3.7447719
105943139,40.4443342,-3.7062164
105125600,40.4621798,-3.6252224
106334892,40.4270634,-3.6771077
106345647,40.4184228,-3.7123408
105298993,40.4525307,-3.6978509
103183376,40.4195333,-3.691408
104154459,40.433725,-3.6835146
105600090,40.3915385,-3.7400451
104489713,40.4261892,-3.6863786
105305031,40.458952,-3.7030588
105339299,40.4332755,-3.6759476
105779940,40.4138526,-3.7011834
105976987,40.4296983,-3.6849195
106332937,40.4136361,-3.6967142
96442647,40.4265612,-3.681122
104920503,40.4197902,-3.6751457
104516694,40.4258077,-3.7047205
105336539,40.4260501,-3.7021865
106215893,40.4020532,-3.6755605
25373042,40.4344067,-3.7026307
106343202,40.4416157,-3.6979645
106342742,40.4111214,-3.6949892
105166123,40.454021,-3.6529345
106347319,40.3330337,-3.7020217
106272205,40.404922,-3.705745
101514027,40.4032534,-3.7393518
106143454,40.4239785,-3.7100557
104992857,40.392561,-3.679064
105974195,40.4227221,-3.6715216
106272205,40.404922,-3.705745
100311327,40.4183861,-3.7073576
106081401,40.4166853,-3.6694124
105985783,40.4546723,-3.6993083
106343112,40.4217039,-3.7041748
106345432,40.4745882,-3.7340322
106133277,40.4506338,-3.6073044
105904353,40.4301868,-3.6793207
106343400,40.4224677,-3.6752053
106204917,40.409096,-3.6713022
106186798,40.4286516,-3.6715393
106106502,40.4315489,-3.6225649
106094108,40.4071423,-3.6675262
106168942,40.4479688,-3.6067641
106170807,40.4282854,-3.707859
106347130,40.4880662,-3.6714228
100051774,40.4348745,-3.687155
106331022,40.4337669,-3.6243142
106121020,40.4310616,-3.704509
105503320,40.4209969,-3.7041144
105489623,40.4120616,-3.7212837
106327331,40.4733402,-3.7324957
106098469,40.4286062,-3.6982849
104158009,40.4569246,-3.6901215
106232723,40.4362749,-3.7146794
106081292,40.4339615,-3.7194658
96691603,40.433954,-3.6819898
105999006,40.3781727,-3.7802026
105681935,40.4785734,-3.5819467
105191563,40.4356936,-3.6993543
103440594,40.463872,-3.6710681
104641472,40.4271064,-3.7032502
105553181,40.4030205,-3.6979627
106226832,40.4769289,-3.7385917
104278555,40.4142097,-3.7183426
105177885,40.4723086,-3.5801247
106342615,40.4710867,-3.5930081
104540584,40.4973649,-3.711944
105612923,40.4362327,-3.6991681
106111587,40.4133363,-3.7102707
105003198,40.4362641,-3.690831
103975633,40.4650458,-3.6332398
105553181,40.4030205,-3.6979627
105514561,40.4267071,-3.6789643
105177885,40.4723086,-3.5801247
105691858,40.3801729,-3.7474447
106131792,40.5184699,-3.7761987
104784453,40.4136261,-3.7077235
106113669,40.4706153,-3.5949083
106342414,40.4932669,-3.6958315
105723327,40.4559764,-3.6888001
106302230,40.3990215,-3.6597535
105520519,40.4320519,-3.6972948
105514372,40.3885519,-3.6994864
103493724,40.4236209,-3.7139177
105909850,40.4180618,-3.6969341
105311887,40.4199028,-3.6750121
105826965,40.3532403,-3.6999205
98719721,40.414167,-3.7090496
464681,40.4763621,-3.8288946
106243974,40.4356862,-3.683912
100809418,40.3818487,-3.6098625
106106060,40.4858858,-3.6490797
105887558,40.4099469,-3.7044515
102484275,40.4602453,-3.7015543
102850527,40.4446153,-3.6350474
105936801,40.4125508,-3.6972065
104355111,40.4455122,-3.633557
105587057,40.4295027,-3.7212459
105286450,40.393442,-3.6801636
106065440,40.4700788,-3.6519729
105512698,40.4558435,-3.675431
104362778,40.4340464,-3.6077187
100932241,40.425719,-3.6997212
106344731,40.4156198,-3.6977426
104003668,40.4701719,-3.7242689
106126736,40.3773004,-3.7753038
106345659,40.4357615,-3.6799131
99290732,40.423249,-3.7020892
105477367,40.4397591,-3.6427673
105477367,40.4397591,-3.6427673
105990398,40.4523765,-3.6537689
106342477,40.4364033,-3.7011183
35475533,40.4754341,-3.732193
99290732,40.423249,-3.7020892
106344731,40.4156198,-3.6977426
104003668,40.4701719,-3.7242689
98669287,40.4409822,-3.7164972
106347071,40.4687905,-3.70321
104747158,40.3998351,-3.5477204
100932241,40.425719,-3.6997212
106347152,40.46075,-3.6932466
106345659,40.4357615,-3.6799131
104414133,40.4562388,-3.6677634
105141787,40.4347074,-3.6837852
105398976,40.486553,-3.6690716
105973014,40.4413093,-3.6704257
104838385,40.4229536,-3.6719791
105326040,40.4363139,-3.6943188
106305959,40.4237468,-3.6704644
104583966,40.4566881,-3.6565803
105643075,40.4323802,-3.6814306
106347836,40.4405458,-3.6463549
105602902,40.4352619,-3.7155149
105726549,40.4341018,-3.7166508
106330204,40.4293081,-3.6135908
87418987,40.4888044,-3.7125641
87090378,40.476684,-3.8243719
105018756,40.4301358,-3.7247447
106300326,40.4529221,-3.6230166
104438773,40.4659802,-3.7043963
106157623,40.4238018,-3.6813134
106346992,40.4224347,-3.6113773
106345805,40.4166857,-3.7120455
105402230,40.44649,-3.7067704
104051136,40.432612,-3.684515
101071599,40.4354579,-3.6935107
105175813,40.4348737,-3.6858929
104561219,40.4014452,-3.6212109
106347705,40.4688767,-3.6907486
106126033,40.4213151,-3.7067753
103553592,40.448242,-3.671371
104775977,40.4127363,-3.6713953
100641810,40.4822371,-3.7424015
104550163,40.4617547,-3.7927675
96087309,40.4482864,-3.6713983
106127147,40.4364913,-3.6870164
105289130,40.3618269,-3.7568599
105553761,40.429352,-3.6689645
106347705,40.4688767,-3.6907486
104268335,40.4668774,-3.6768658
106127150,40.4364913,-3.6870164
99923878,40.4085384,-3.7077168
98136203,40.4482864,-3.6713983
106150797,40.371594,-3.5833025
105472704,40.4299423,-3.723216
106345761,40.4255069,-3.671778
106289140,40.3762984,-3.7478373
100067948,40.4281427,-3.7094414
106327780,40.4269461,-3.6956268
102191997,40.4125645,-3.7100825
103624397,40.469269,-3.809282
105291816,40.4409911,-3.7178522
104019096,40.4514476,-3.6884879
99980504,40.448242,-3.671371
88040804,40.420379,-3.7186517
105903109,40.4091752,-3.697303
106329381,40.4721112,-3.5779243
97104945,40.4139105,-3.7003939
106333106,40.421988,-3.7029488
106306320,40.4343954,-3.6793426
105126060,40.3917969,-3.7351804
105175823,40.4208021,-3.7018026
106330861,40.4886787,-3.6639256
106334538,40.4393405,-3.7111335
105278732,40.4075768,-3.7037306
106179439,40.3876354,-3.7432185
105316588,40.4546309,-3.6975932
106041941,40.4611779,-3.7800012
81242266,40.452519,-3.6525603
106119649,40.3978449,-3.5535747
105278732,40.4075768,-3.7037306
106343423,40.3888392,-3.6691517
105968984,40.3794058,-3.6204085
105520665,40.4160558,-3.6773676
106327123,40.4171751,-3.6678677
105091065,40.4348623,-3.6978942
103851283,40.4164264,-3.7078249
97573145,40.4276548,-3.6753428
105657016,40.4396228,-3.639747
98131469,40.4840936,-3.633785
106327386,40.4344073,-3.6769011
106306111,40.4342929,-3.6528384
104677775,40.4663088,-3.6663555
105852828,40.3938262,-3.6948612
105381644,40.3832827,-3.6655619
105705811,40.395518,-3.7191223
105133897,40.4449018,-3.6407151
101546808,40.4543758,-3.6816048
104609205,40.4105125,-3.6931138
105221868,40.4214007,-3.7073366
105004812,40.4165646,-3.7053575
106337241,40.4456814,-3.6680246
105834213,40.4281312,-3.7153755
97775293,40.4212326,-3.6759518
96545870,40.4307509,-3.6823401
106335939,40.4290099,-3.6444908
106323444,40.4188322,-3.7117537
104112397,40.4262059,-3.6961266
106001564,40.3851235,-3.6425642
105172137,40.4281819,-3.6666832
106227378,40.4372563,-3.6844313
106327385,40.3659031,-3.6043431
96600240,40.4296981,-3.6753057
103848665,40.4160745,-3.7116472
105662992,40.3993771,-3.5492668
105385110,40.4742892,-3.6709991
106342552,40.4273652,-3.6737696
98147173,40.4379088,-3.7136858
106343386,40.4924017,-3.6614057
104106388,40.4059724,-3.6729981
106343238,40.4215621,-3.6747593
105988135,40.4980942,-3.6186299
98319963,40.4261004,-3.7155922
106343386,40.4924017,-3.6614057
106129527,40.4236657,-3.7007898
102294994,40.4205029,-3.6966268
104255340,40.4531225,-3.6894033
101964725,40.4561693,-3.6259851
105089315,40.3833158,-3.6966226
95775610,40.4255894,-3.6705338
106343194,40.4374998,-3.6814203
105811631,40.4274275,-3.6929723
105036875,40.4256854,-3.6782387
98136413,40.448242,-3.671371
105945115,40.4680698,-3.7012222
105670526,40.4560863,-3.7007158
104940479,40.5042363,-3.7021613
98812369,40.448242,-3.671371
106163435,40.349681,-3.7178796
106335646,40.4220803,-3.677089
103553594,40.448242,-3.671371
105369817,40.4243522,-3.7126645
106342827,40.4263785,-3.7030786
97914515,40.448242,-3.671371
105863410,40.4052642,-3.6954227
105236832,40.4592886,-3.7657658
101710225,40.4514429,-3.6620289
103858202,40.4188266,-3.6999272
102070752,40.4592886,-3.7657658
104903093,40.371594,-3.5833025
106334852,40.408289,-3.7044698
105531936,40.4792037,-3.7345465
105311854,40.4550503,-3.6201283
106061692,40.439738,-3.6751825
106331632,40.4177239,-3.7006596
106042137,40.3712209,-3.7157806
104071237,40.448242,-3.671371
106117939,40.4576468,-3.796217
106189272,40.4263175,-3.6822409
105762191,40.4440037,-3.6622249
106322675,40.4575623,-3.7866177
105780988,40.3893075,-3.7643374
106331632,40.4177239,-3.7006596
104071237,40.448242,-3.671371
106117093,40.3951908,-3.7116194
104988386,40.4381726,-3.6832654
105423886,40.4559806,-3.6763143
105396893,40.4389425,-3.7154893
105911006,40.4214972,-3.6981942
106328309,40.4372415,-3.7133235
105526327,40.433202,-3.6716057
106332774,40.4284924,-3.7233809
105423282,40.3978916,-3.6633482
106344656,40.3841627,-3.743636
106236026,40.4170758,-3.6768238
105832306,40.4379413,-3.7004487
106342057,40.3949993,-3.6584304
106336188,40.3642875,-3.6196016
102825728,40.4266713,-3.6814551
106305666,40.4293432,-3.7170181
106328108,40.4200251,-3.7091952
106341222,40.4682868,-3.7200481
106329225,40.4131481,-3.6963483
106267307,40.4118871,-3.7198127
105047448,40.42825,-3.6707283
104499961,40.4213041,-3.7104013
105571580,40.4175182,-3.7065177
105176211,40.4048509,-3.7429322
106264807,40.4108205,-3.731083
106328810,40.4393422,-3.7131814
106343111,40.4138202,-3.6977386
106121451,40.4530804,-3.6879386
106264857,40.4108205,-3.731083
92799698,40.4363041,-3.7003236
105987923,40.444952,-3.6849162
105461608,40.4208868,-3.7147006
105096685,40.4223237,-3.7034997
106329063,40.4160549,-3.7027797
105550238,40.4402421,-3.6631259
105571580,40.4175182,-3.7065177
106305618,40.4275838,-3.6731448
105096685,40.4223237,-3.7034997
106305666,40.4293432,-3.7170181
104608513,40.4690638,-3.6802424
102997212,40.4716257,-3.8315489
105075962,40.4206807,-3.6906774
106011917,40.4039036,-3.6814461
104154482,40.4226657,-3.7001537
32075593,40.4360269,-3.6956074
106324299,40.4089184,-3.6138894
106153369,40.4234353,-3.671052
106152630,40.3735463,-3.6184285
105641471,40.3858191,-3.670222
104635105,40.4520098,-3.6529747
105427307,40.4230153,-3.7109376
105996804,40.3833122,-3.7791043
106295987,40.3806723,-3.7136614
106329855,40.4547498,-3.6781431
105419976,40.4480324,-3.6901151
104962698,40.500634,-3.6719847
106295986,40.4920452,-3.7198978
104682487,40.4643565,-3.6795214
105568759,40.3960007,-3.7441926
104746265,40.5048691,-3.6870489
100741028,40.4522864,-3.6736148
96224564,40.4477998,-3.6831008
106329109,40.4843744,-3.702597
102763938,40.4780119,-3.7334132
106335840,40.4380725,-3.7145725
106291867,40.4323671,-3.715316
103567277,40.4614362,-3.6975181
103567300,40.4614362,-3.6975181
101825446,40.4266456,-3.6875329
103567282,40.4614362,-3.6975181
33608321,40.4572726,-3.7700816
106220501,40.4686657,-3.7022679
106034416,40.4094727,-3.7213633
103567272,40.4614362,-3.6975181
103567299,40.4614362,-3.6975181
106220501,40.4686657,-3.7022679
106034416,40.4094727,-3.7213633
103567282,40.4614362,-3.6975181
103567299,40.4614362,-3.6975181
106343172,40.4256822,-3.7017973
104743542,40.4394821,-3.7155423
106291867,40.4323671,-3.715316
104123760,40.4158,-3.7084877
103567273,40.4614362,-3.6975181
103180051,40.4276094,-3.6858765
104823609,40.4715566,-3.7501737
105575472,40.4425859,-3.6154994
106220531,40.4686657,-3.7022679
103567272,40.4614362,-3.6975181
105453336,40.4822527,-3.6311453
105773978,40.4286777,-3.6834804
106346081,40.4545316,-3.7002135
105973350,40.3899162,-3.7310794
106347017,40.4252705,-3.7160094
105215232,40.4736136,-3.7413354
106337200,40.4323823,-3.7017767
106318016,40.3997968,-3.6913308
106347430,40.4215392,-3.6783348
105614694,40.3885519,-3.6994864
105554773,40.4317358,-3.6866184
106347608,40.4345449,-3.6755982
106329224,40.4235482,-3.6737609
106329395,40.4330143,-3.6770085
106220533,40.4686657,-3.7022679
105340447,40.4306214,-3.6837468
106347375,40.4221296,-3.6717019
105972924,40.3899162,-3.7310794
105142199,40.4023035,-3.6953141
103707622,40.4165482,-3.7012452
103210150,40.4173306,-3.6758197
100615027,40.3953283,-3.6595037
105291675,40.3924859,-3.7272572
105927603,40.4096015,-3.6737203
106343320,40.389044,-3.7234618
103490773,40.4066184,-3.686769
88939133,40.4138268,-3.7041709
105927603,40.4096015,-3.6737203
105904294,40.4215753,-3.6746526
106343320,40.389044,-3.7234618
104012446,40.405485,-3.6817718
106345405,40.4280526,-3.7032213
106341638,40.4257361,-3.6817107
105292270,40.4313206,-3.6809935
105291675,40.3924859,-3.7272572
106347432,40.4255513,-3.7034475
103210150,40.4173306,-3.6758197
105195562,40.4270662,-3.6734099
105890455,40.4013867,-3.6934735
98988917,40.4224856,-3.6913818
105424501,40.4304275,-3.6833283
106330607,40.4641184,-3.5952669
106044287,40.4278998,-3.6618804
106320487,40.4290174,-3.673515
106345834,40.4053732,-3.7006575
105218207,40.4553748,-3.6303551
105973802,40.4262269,-3.6755851
103845277,40.47392,-3.7422903
103824766,40.423772,-3.6890981
106344836,40.3842419,-3.6691855
102341211,40.4121275,-3.693608
105789148,40.4739196,-3.6585307
106332773,40.4293571,-3.701085
106323259,40.3703976,-3.6914516
106332839,40.4289578,-3.7024525
106347589,40.4079032,-3.7075974
104980071,40.4622028,-3.6755611
106331892,40.4385143,-3.7007598
94336938,40.4566232,-3.630279
106065826,40.3994505,-3.5474886
106341352,40.3936683,-3.7410445
105350374,40.465008,-3.6830519
104907779,40.4599015,-3.7985193
106298407,40.4192344,-3.6764224
106150019,40.3758939,-3.5800376
106121949,40.3997161,-3.5467341
